id	status	statement	carriers	discharged_by	trigger	opened	closed	last_review	notes
R-001	closed	Amplitude estimation straddling-kernel bound: BHMT Thm 11's literal 8/pi^2 needs the two-index Dirichlet-kernel lower bound f(d) + f(1/T - d) >= 8/pi^2 (a genuine new kernel inequality); the corpus's strongest landed form was the 4/pi^2 pair bound (amplitude_estimation_pair).	-	amplitude_estimation_straddle	-	2026-08-29	2026-09-23	2026-09-23	Discharged 2026-09-23 (BACKLOG #12): the kernel inequality eight_mul_sq_le_sin_sq_pi_mul (sin^2(pi x)(1/x^2 + 1/(1-x)^2) >= 8 on (0,1), a cubic/cosine split at x = 1/4) gives dirichlet_two_index and phase_estimation_two_index (PhaseEstimation.lean); amplitude_estimation_straddle / _straddle_close / amplitude_estimation_bhmt (AmplitudeEstimation.lean) assemble BHMT Thm 11 (k = 1) with the paper's literal constants on the Finset straddleIndices. Earlier record: specs/amplitude-amplification-plan.md (AA-5b correction record)
R-002	closed	BHMT Thm 3 exponential-doubling QSearch schedule (expected-runtime bookkeeping for unknown amplitude): a probabilistic-process argument over rounds; the landed core is qsearch_average (Lemma 2, average success >= 1/4 once M*sin(2theta) >= 1).	-	qsearch_expected_cost	-	2026-08-29	2026-09-23	2026-09-23	Discharged 2026-09-23 (BACKLOG #13): Mathlib/QuantumInfo/QSearch.lean -- the run as independent stage variables on a probability space (QSearchRun: J l uniform below M_l = ceil((6/5)^l), W l the stage success with the Born law stageProbAt), reach probability = product of failures (meas_reach), a reached stage costs M_l + 1 in expectation (lintegral_stageCost), the series bounded by geometric weights (qsearch_partial_sum_le); QSearchRun.qsearch_expected_cost: expected applications <= 54/sqrt(a) for 0 < a < 1 (BHMT Thm 3, the upper bound); the model is consistent (exists_qsearchRun on Measure.infinitePi of the stage laws). Earlier record: specs/amplitude-amplification-plan.md (AA-6)
R-003	closed	Steane fault-tolerance claims: the code space, the syndrome-injectivity distance mechanism, the Knill-Laflamme theorem (Mathlib/QuantumInfo/KnillLaflamme.lean, 2026-09-21, BACKLOG #14(a)) and the recovery map correcting every single-qubit Pauli error (Empirical/QM/QEC/SteaneRecovery.lean, 2026-09-21, #14(b)) are landed; a threshold or any fault-tolerance claim (#51) is not.	-	steane_codeCapacity_failure_le	-	2026-08-29	2026-09-23	2026-09-23	Discharged 2026-09-23 (BACKLOG #14(c) = #51): the code-capacity threshold. steane_codeCapacity_failure_le (Empirical/QM/QEC/SteaneThreshold.lean): under independent per-qubit noise of rate at most p, the Steane recovery fails to return a code state with probability at most 21 p^2 (measure_pi_two_or_more_le, Mathlib/Probability/CodeCapacityThreshold.lean); steane_concatBad_le and steane_threshold: k levels of concatenation give (21 p)^(2^k)/21, tending to 0 for p < 1/21. The concatenated quantum recovery is BACKLOG #61 and the circuit-level threshold theorem #62, priced and not claimed. Before: specs/steane-plan.md (Honest scope); same posture as the three-qubit modules
R-004	closed	Magic-state distillation (Bravyi-Kitaev 15-to-1 protocol and any threshold claim): a program-verification-scale object.	-	distillation_error_le	-	2026-08-29	2026-09-24	2026-09-24	Discharged 2026-09-24 (BACKLOG #75-#78): the 15-to-1 protocol. distillation_error_le (Mathlib/QuantumInfo/ReedMuller15Distill.lean): under independent Z-noise of rate p on the fifteen injections, the X-checks accept with probability at least (1-p)^15 and the accepted output is wrong with probability at most (35 p^3 + 2^11 p^5)/(1-p)^15 - Bravyi-Kitaev 35 p^3 at leading order; tendsto_distillIter: the recursion p -> 90 p^3 tends to 0 below p <= 1/20. Supporting: ReedMuller15.lean (35 undetected weight-3 patterns, 2^11 codewords), ReedMuller15Code.lean (transversal T = logical T-dagger), ReedMuller15Errors.lean (detection and the logical Z). The exact BK fixed point 0.141, the explicit decoder circuit (#79) and the round-to-round independence assumption are stated in the module header. Before: specs/magic-plan.md (Named residues)
R-005	open	Clifford+T universality: density of the generated gate group in SU(2^n) (a gate-synthesis density theorem, e.g. Solovay-Kitaev input).	CsdLean4/Mathlib/QuantumInfo/Magic.lean	-	-	2026-08-29	-	2026-08-30	specs/magic-plan.md; BACKLOG #68-#74 (split 2026-09-23), re-priced into #80-#85 (2026-09-26); landed #68 #70 #71 #80 #83 #84 (Euler + one control); open #81 #85 #73, #82 and #74 deferred
R-006	closed	T-gate injection: the gate-teleportation circuit consuming magicState + Clifford operations + measurement to enact T.	-	injectionChannel_apply	-	2026-08-29	2026-09-23	2026-09-23	Discharged 2026-09-23 (BACKLOG #66-#67): the gate-teleportation circuit. injectionChannel_apply (Mathlib/QuantumInfo/MagicInjection.lean): the channel with Kraus operators (S^m (x) <m|) CNOT (1 (x) |A>) is rho -> T rho T^dagger for every rho, consuming one magicState; injectSlice_magicState is the pure-state identity behind it, injectSlice_zMagicState / noisyInjectionChannel_apply the transfer of a Z-error on the resource to the output. Before: specs/magic-plan.md (Named residues)
R-007	boundary	Interpretive detector-labelling (the paper's section-14 boundary): identifying the moment-sublevel Sigma-region with the physical "this detector fired" outcome is interpretive and stays outside the Lean claim by design. The formal operator -> Sigma-volume dictionary IS proved (LF4/ObservableCorrespondenceN.lean: observable_correspondence_diagonal, pure_state_born_prob_eq_volume, 2026-07-22/23); only the labelling of the region is interpretive.	CsdLean4/Empirical/CSD/MalusVolume.lean;CsdLean4/Empirical/CSD/SternGerlachVolume.lean	-	-	2026-08-30	-	2026-08-30	Permanent interpretive boundary, never closes; newer Volume-series files state the same boundary inline
R-008	closed	Carry-clean / ancilla-restoring adder (Cuccaro-style inline carry-uncompute): the piece ModularMul.lean's fresh-ancilla model (Theta(n^2) wires) lacked for Theta(n)-qubit in-place reuse.	-	cuccaroModAdd_clean	-	2026-06-25	2026-06-26	2026-08-30	Discharged by the Cuccaro stack: cuccaroModAdd_clean (every scratch wire restored) + cuccaroModMul_correct folds it into the Theta(n)-qubit multiply (CuccaroModMul.lean). Registered retroactively 2026-08-30: ModularMul.lean's header still claimed the corpus "does NOT yet provide" it — the registry's first catch, made during its own installation
R-009	closed	General-n Horner loop (tranche S6.3d-2b): the induction folding hornerStep over all n bits of X with invariant acc = (X >> i)*Y mod N; ModularMul.lean lands only the 2-step demo.	-	mulLoop_correct	-	2026-06-25	2026-06-25	2026-08-30	ModularMulLoop.lean IS tranche S6.3d-2b (mulLoop_correct, all n bits, Horner-reconstruction bridge). Registered retroactively 2026-08-30 alongside R-008
R-010	closed	Gottesman-Knill stabiliser code-space dimension and uniqueness: rank of the stabiliser projector equals 2^(n-m) and the stabilised state is unique up to phase for m = n.	-	stabState_unique	-	2026-08-29	2026-08-29	2026-08-30	Discharged same day via stabProjector_rank (LinearMap.IsProj.trace route); specs/gottesman-knill-plan.md; demo closed row
R-011	closed	Stabiliser measurement-update rule: outcome probabilities and post-measurement state for measuring a Pauli on a stabilised state.	-	meas_prob_half	-	2026-08-29	2026-08-29	2026-08-30	measProj section of Stabilizer.lean; specs/gottesman-knill-plan.md; demo closed row
R-012	open	FS-as-typicality-measure sector posit (SO-1): that the sector's typicality law is the Fubini-Study measure is posited, not derived; it reduces to D1, the dynamical sector origin. Born = volume is a theorem given the posit.	CsdLean4/LF5/FlowBornFrequency.lean;CsdLean4/SigmaLayer/MeasureBridge.lean	-	-	2026-08-30	-	2026-08-30	specs/lf5-plan.md (LF5-D); foundational-programme item, canonical statement lives in the plan
R-013	closed	n-fold hybrid amplitude equality for the measurement-gadget adder re-cost: the single-block unitary embedding is proven and the tensor API exists (regTensorEquiv, 2026-08-22); threading the non-permutation gadget through the adder's 3n blocks is the remaining argument. Obstruction is the argument, not missing API.	-	hybridAdd_amplitude	-	2026-08-30	2026-09-23	2026-09-23	Discharged 2026-09-23 (BACKLOG #16): Mathlib/QuantumInfo/Reversible/HybridLift.lean (the gadget is monomial, so the basis-state induction carries a scalar -- no tensor factor needed; gateMat general lift, measureCorrectMat gadget, hybridLin_basisState) + Empirical/QM/MeasurementAdderHybrid.lean (hybridAdd_amplitude: (sqrt 2)^-n |shadow| on every clean-ancilla basis input, hybridAdd_shadow_data/_outcome, hybridAdd_sum). WITH A CORRECTION: the per-Toffoli gadget replacement of #21 is not amplitude-exact (majority ancillas, naive_cell_gadget_sign_flip); the exact hybrid uses one gadget per carry cell with three CZ corrections (same 3n Toffolis, n measurements). Earlier record: MeasurementAdder Part 3 honest scope
R-014	closed	Rule-of-two fold: inner_toEuclideanLin_unitary' (index-generic unitary inner-product preservation) duplicates the staged Fin-N inner_toEuclideanLin_unitary; fold into the staging tree when a third consumer appears.	-	inner_toEuclideanLin_unitary	-	2026-08-30	2026-09-02	2026-09-02	3 corpus occurrences at registration (decl + local uses); trigger fires at 5 = two new consumers, per CONVENTIONS.md section 9 rule of two | CLOSED 2026-09-02: fold forced before the consumer-count trigger by Empirical/QM/WignerArakiYanase.lean, which needs the isometry of a unitary matrix on Fin 2 x Fin 2 and (stable layer) may not import Incubator. The staged Projectivization.inner_toEuclideanLin_unitary was generalised in place to any finite index type; the Incubator prime was deleted; FloquetInterface and LF4/BlochProjection consume the generic lemma.
R-015	boundary	Which interaction Hamiltonian H_int(M) a given apparatus physically realises is a modelling input, not a formal object. No interpretation derives it -- Bohm and Everett take the apparatus Hamiltonian as an input too -- and the corpus's de-isolation couplings are engineered witnesses BY DESIGN. What IS proved is the machinery: the readout-composed-with-flow shape (cellPointer_outcomeSector_eq_readout), basin_rate discharged from the constructed propagator (shear_sector_born), and the einselection criterion [P,H_int]=0 selecting the pointer basis GIVEN the interaction (pointer_invariant_iff_commute). Only the CHOICE of interaction is outside the Lean claim.	CsdLean4/RecordLayer/ShearDeIsolation.lean;CsdLean4/Empirical/CSD/PointerCommutation.lean;CsdLean4/SigmaLayer/FrozenBase.lean;CsdLean4/SigmaLayer/UntriggeredFlow.lean;CsdLean4/SigmaLayer/UntriggeredReadout.lean;CsdLean4/SigmaLayer/UntriggeredVolume.lean	-	-	2026-09-01	-	2026-09-01	Permanent boundary, never closes. Author decision 2026-09-01 (the MD-1 closure reasoning): Lean carries the mathematical machinery showing how QM becomes physics via records; which physical interaction an apparatus realises can never be part of that. DISTINCT from R-016, which is mathematics and stays open.
R-016	open	Arena-level Hamiltonian generation: that the shear propagator is the time-T_M flow of H_int(t) = g(t)(iota+1)delta p_R is stated, not formalised. The propagator is constructed explicitly and every required property is proved of it; what is missing is the chart -> arena transport. In a Darboux chart the generation IS proved (SigmaLayer/ChartIntegralCurve.lean: translationCurve_isHamiltonianCurve, translationCurve_unique). Globalising is obstructed by a THEOREM, not a tooling gap: on the compact torus iota_X omega = a dp is closed but not exact, so no global generating function exists (PiecewiseHamiltonian.lean flux correction). ARENA HALF LANDED 2026-09-14 (LF4/ArenaSymplectic.lean, R-016'): the arena KSigma (N+1) = CP^N x T^2 is a symplectic manifold (arenaForm_isSymplectic), Liouville holds on it for every smooth H (arenaVolume_map_hamiltonianFlow), the isolated Schrodinger dynamics IS its Hamiltonian flow of -2<H> o pi_1 (hamiltonianFlow_sectorEnergy_schrodinger), and the torus stroke (0, a) is locally Hamiltonian on it (isLocallyHamiltonian_torusStrokeField). What this row still lacks is exactly the identification of jointLift with a time-1 map on the arena (the strokes are locally Hamiltonian only, by the flux; the shift is time-dependent and corridor-supported). The strokes' classification -- symplectic, locally Hamiltonian, NOT Hamiltonian -- is now a manifold-level theorem pair (isLocallyHamiltonian_torusStrokeField; not_isHamiltonianVectorField_torusStrokeField, LF4/ArenaStrokeFlux.lean, 2026-09-14). The arena volume is the corpus's mu_FS x vol_T2 up to its total mass (arenaVolume_eq_smul_kMuL, LF4/ArenaVolume.lean, 2026-09-14, by uniqueness of the invariant measures), so arena Liouville is Liouville for kMuL at manifold level (kMuL_smul_map_hamiltonianFlow); the mass's value and positivity are BACKLOG #32.	CsdLean4/RecordLayer/HamiltonianShift.lean;CsdLean4/RecordLayer/JointLift.lean;CsdLean4/RecordLayer/ShearDeIsolation.lean;CsdLean4/RecordLayer/ShearWitness.lean;CsdLean4/SigmaLayer/FrozenBase.lean;CsdLean4/SigmaLayer/UntriggeredFlow.lean;CsdLean4/SigmaLayer/UntriggeredReadout.lean;CsdLean4/SigmaLayer/UntriggeredVolume.lean;CsdLean4/LF4/ArenaSymplectic.lean	-	-	2026-09-01	-	2026-09-14	Mathematics, unlike R-016's sibling R-015. Route and bricks in specs/frozen-base-obstruction-scoping.md (bricks 0-2 DONE 2026-09-01; brick 2 volume half in SigmaLayer/UntriggeredVolume.lean: untriggeredCurve_measurePreserving + untriggeredCurve_unique, chart-level only). Brick 3 joint lift DONE 2026-09-02: RecordLayer/JointLift.lean (isJointLift_jointLift, jointLift_measurePreserving — arena-level Liouville for the back-reacting map, via Mathlib/MeasureTheory/InvariantTwist.lean, no disintegration) + RecordLayer/HamiltonianShift.lean (strokeCurve_hasDerivAt_hamiltonianField: the shift is the endpoint of an integral curve of the stroke Hamiltonian, CHART-LEVEL, regular data). What stays open is exactly the statement: identifying jointLift with the time-1 map of a Hamiltonian flow on the arena MANIFOLD (iota_X omega = dH), plus nonvanishing of the shift (not attempted). R-016' landed 2026-09-14 (BACKLOG OUTSTANDING row; #28 flux obstruction at manifold level, #29 arenaVolume = c * mu_FS (x) vol, both re-priced). #28 flux obstruction landed the same day.
R-017	boundary	Local tomography is the one operational posit of the "why tensor product" reconstruction beyond A6 locality and cannot be derived: a composite carrying commuting local algebras need not be locally tomographic (real-Hilbert-space QM is local and not tomographic -- the failure is the symmetric-span count dim Sym(mn) = mn(mn+1)/2 > [m(m+1)/2][n(n+1)/2], strict for m, n >= 2; and even over the complex field a composite with a third factor invisible to the pair (M_m (x) M_n (x) M_p, pair on the first two factors) is local, star-preserving and not generated -- so the posit also says the composite sector carries nothing beyond the pair), and local tomography alone does not select the complex field (classical probability is locally tomographic). What IS proved: the Kronecker composite satisfies it (joint_mem_span_local, kronecker_recordLocallyTomographic); any composite satisfying it is the tensor product (compositeAlgReconstruction, composite_dim_eq); and the algebraic generation premise hgen IS the record-level statement (recordLocallyTomographic_iff_adjoin_eq_top, both directions) -- so the posit is stated in record vocabulary, not lattice vocabulary. Only that the world satisfies it is outside the Lean claim.	CsdLean4/SigmaLayer/TensorSolved.lean;CsdLean4/SigmaLayer/TensorReconstruction.lean;CsdLean4/SigmaLayer/TensorTomography.lean	-	-	2026-09-02	-	2026-09-02	Permanent boundary, never closes. Registered 2026-09-02 at the landing of brick 2 (specs/generation-from-records-scoping.md): before that landing the corpus prose CALLED hgen local tomography with no theorem behind the identification. Constraint work one level above Sigma (CSD-CHARTER constrain-from-above), not MD-1 progress. Distinct from R-015 (which interaction an apparatus realises): both are inputs the Lean claim cannot supply, this one a structural posit on the composite sector rather than a modelling choice.
R-018	closed	Cell-law characterisation: whether cross-basis consistency (a frame-function / merging-additivity hypothesis) forces the outcome rate field to be the Fubini-Study torus moment map. What IS proved is the negative half: the properties the Lean corpus verifies of momentMap -- the coordinate formula, torus invariance, normalisation, support, measurability -- do NOT single it out (rate_field_not_forced_by_torus_symmetry exhibits sqContext, a rival ContextField agreeing on all of them and differing at [(2,1,1)] in CP^2). The standard symplectic uniqueness argument (a moment map for a torus action is unique up to an additive constant, pinned by the simplex) is sound and UNTOUCHED by that counterexample -- sqRate is not a moment map -- but is unformalised, Mathlib having no symplectic API. So the cell law is a posit relative to the machine-checked corpus (specs/POSITS.md Posit 1), not a defect: globalBasin_born is true. Two proved asymmetries fall short of characterisation: the moment map's mu_FS pushforward is flat/Dirichlet (fs_moment_pushforward_uniform, fs_moment_joint_dirichlet_N), and bornRate alone has a flow-carved witness (shearDeIsolationInteraction).	-	torusGenerated_eq_momentMap	-	2026-09-04	2026-09-04	2026-09-04	CLOSED 2026-09-04 as MOOTED, NOT ANSWERED -- the distinction matters. The characterisation landed by a different route than this row asked about: torus GENERATION (RecordLayer/CellLawForced.lean, torusGenerated_eq_momentMap), not cross-basis consistency. The frame-function question this row named is still open MATHEMATICS; it simply no longer carries corpus status, because the corpus does not need it and taking it would cost noncontextuality. Do not reopen as queued work: specs/cell-law-scoping.md keeps stage 2 and its cost analysis as a DECLINED route. No successor residue is opened for 'derive IsTorusGenerated from the dynamics' -- that has no concrete Lean-shaped discharge and is the H_int frontier; its home is Posit 1's discharge line in specs/POSITS.md. Registries stay divided: residues = unfinished work, posits = assumed structure. R-016 (manifold transport) is unaffected and stays open.
R-019	open	Relaxation H-theorem for the fibre: that a coarse-grained non-uniform fibre distribution approaches Haar along the flow -- for a partition into cells of size delta, the coarse-grained relative entropy with respect to Haar decreases. Valentini's argument is the model. BLOCKED on first-passage (hitting-time) asymptotics for small sets, which is research-grade and absent from Mathlib. What IS proved is the structural precondition: relaxation requires a HYPERBOLIC fibre map, since on one and the same fibre the translation kFlow admits no summable decay envelope for any shift and any summable eps (not_hasCorrelationDecay_kFlow) while the hyperbolic catStroke has a finitely supported one (relaxation_requires_hyperbolic_fibre).	CsdLean4/SigmaLayer/MovingFibreWitness.lean	-	-	2026-09-06	-	2026-09-06	Opened 2026-09-06 with the CR-14 FALLBACK. ⚠️ The H-theorem itself is EXPLICITLY NOT SCHEDULED -- the item that proposed it says 'Do not schedule this as a result', and the corpus's settled finding is that mixing is not the race: the binding problem is first-passage asymptotics for small sets. The finite-scale hypothesis HasCorrelationDecayUpTo is the untouched escape (the unbounded form is what the compact-group theorem forecloses), and route 2 was closed for kFlow specifically by exists_lag_le_envelope, so an attempt would need a different fibre map. This matters for Track B: a prediction differing from QM needs a fibre that can be out of equilibrium. ⚠️ Do NOT read the fallback as a relaxation theorem -- it says which dynamics COULD relax, not that any does. Paper D section 8's comparison paragraph is the author's; no manuscript was edited.
